{
  "train_mae": 1830.2471073978843,
  "train_rmse": 5093.215937822898,
  "train_r2": 0.9505783453483735,
  "val_mae": 1425.098691626888,
  "val_rmse": 2990.5156895332325,
  "val_r2": 0.9814544511309555,
  "feature_importance": {
    "Store": 0.0,
    "Dept": 0.0026905344684970624,
    "Type_encoded": 0.0,
    "Size": 0.0,
    "Temperature": 2.92205270431888e-05,
    "Fuel_Price": 0.0,
    "CPI": 2.8984370422574967e-05,
    "Unemployment": 5.340771979237425e-06,
    "MarkDown1": 2.2188208864854182e-05,
    "MarkDown2": 7.832892334116228e-06,
    "MarkDown3": 0.002460043565124979,
    "MarkDown4": 0.0,
    "MarkDown5": 3.93975178273898e-05,
    "IsHoliday": 0.000306408067147404,
    "Year": 0.0,
    "Month": 0.000141794260991319,
    "Week": 0.005614403045288827,
    "DayOfYear": 0.005575938083592529,
    "Quarter": 0.0,
    "Sales_Lag_1": 0.7610379268205326,
    "Sales_Lag_2": 0.009129841964390817,
    "Sales_Lag_4": 0.027141957655941608,
    "Sales_Lag_8": 0.002539942000402202,
    "Sales_Lag_12": 0.00030554786619502714,
    "Sales_RollingMean_4": 0.17320541230360156,
    "Sales_RollingMean_12": 0.006428659523380351,
    "Sales_RollingStd_4": 0.003288626086442278
  },
  "feature_columns": [
    "Store",
    "Dept",
    "Type_encoded",
    "Size",
    "Temperature",
    "Fuel_Price",
    "CPI",
    "Unemployment",
    "MarkDown1",
    "MarkDown2",
    "MarkDown3",
    "MarkDown4",
    "MarkDown5",
    "IsHoliday",
    "Year",
    "Month",
    "Week",
    "DayOfYear",
    "Quarter",
    "Sales_Lag_1",
    "Sales_Lag_2",
    "Sales_Lag_4",
    "Sales_Lag_8",
    "Sales_Lag_12",
    "Sales_RollingMean_4",
    "Sales_RollingMean_12",
    "Sales_RollingStd_4"
  ],
  "lag_columns": [
    "Sales_Lag_1",
    "Sales_Lag_2",
    "Sales_Lag_4",
    "Sales_Lag_8",
    "Sales_Lag_12",
    "Sales_RollingMean_4",
    "Sales_RollingMean_12",
    "Sales_RollingStd_4"
  ]
}